{
  "gt": "parts.pt",
  "eval_points": "scan points.pt (training folder)",
  "mesh_protocol": "pc_aligned = pc @ R_category.T; mesh superpoint on surface; 1-NN to scan",
  "n_sample": 80,
  "n_ok": 80,
  "seed": 42,
  "methods": {
    "pc_cap200": {
      "count": 80,
      "n_points": 5000.0,
      "n_tokens": 77.55,
      "n_gt_parts": 7.975,
      "token_mixed_rate": 0.3113862749005915,
      "point_mixed_rate": 0.61349,
      "mean_token_purity": 0.9041170351239776,
      "mean_pure_token_size": 44.45988708821843,
      "mean_mixed_token_size": 153.48785958704377,
      "asa": 0.8009924999999999,
      "ari": 0.07974553162966622,
      "mean_part_iou": 0.22530944231867583,
      "boundary_recall": 0.22215884808919442
    },
    "pc_k15": {
      "count": 80,
      "n_points": 5000.0,
      "n_tokens": 34.1375,
      "n_gt_parts": 7.975,
      "token_mixed_rate": 0.2918158841371105,
      "point_mixed_rate": 0.9144175000000001,
      "mean_token_purity": 0.9115325406134843,
      "mean_pure_token_size": 20.246397538299668,
      "mean_mixed_token_size": 1653.0935515552992,
      "asa": 0.6074875000000001,
      "ari": 0.16827578153394224,
      "mean_part_iou": 0.2814149013879952,
      "boundary_recall": 0.12189258442120295
    },
    "pc_k8": {
      "count": 80,
      "n_points": 5000.0,
      "n_tokens": 96.4625,
      "n_gt_parts": 7.975,
      "token_mixed_rate": 0.22484745426215005,
      "point_mixed_rate": 0.7694875,
      "mean_token_purity": 0.9339286978310961,
      "mean_pure_token_size": 18.05591007381643,
      "mean_mixed_token_size": 505.15021190564164,
      "asa": 0.7421925,
      "ari": 0.22661071971221594,
      "mean_part_iou": 0.30655949379297887,
      "boundary_recall": 0.20281667054076383
    },
    "pc_partfield_k20": {
      "count": 80,
      "n_points": 5000.0,
      "n_tokens": 20.0,
      "n_gt_parts": 7.975,
      "token_mixed_rate": 0.21125,
      "point_mixed_rate": 0.922165,
      "mean_token_purity": 0.929795753811085,
      "mean_pure_token_size": 23.56704447421988,
      "mean_mixed_token_size": 1530.1355902777777,
      "asa": 0.6303600000000001,
      "ari": 0.1942526634403429,
      "mean_part_iou": 0.2916585694731311,
      "boundary_recall": 0.15907499725503924
    },
    "mesh_face_sp45": {
      "count": 43,
      "n_points": 5000.0,
      "n_tokens": 381.6744186046512,
      "n_gt_parts": 8.023255813953488,
      "token_mixed_rate": 0.15494565780169095,
      "point_mixed_rate": 0.4033674418604652,
      "mean_token_purity": 0.9546534282474024,
      "mean_pure_token_size": 22.606935970858213,
      "mean_mixed_token_size": 108.14512651222871,
      "asa": 0.8931767441860466,
      "ari": 0.1289599289589992,
      "mean_part_iou": 0.23232355411965513,
      "boundary_recall": 0.7584603514263973
    },
    "mesh_sp_cap200": {
      "count": 43,
      "n_points": 5000.0,
      "n_tokens": 62.76744186046512,
      "n_gt_parts": 8.023255813953488,
      "token_mixed_rate": 0.3633257806839273,
      "point_mixed_rate": 0.6962046511627906,
      "mean_token_purity": 0.8897976078478124,
      "mean_pure_token_size": 46.779876134584754,
      "mean_mixed_token_size": 182.54099128128087,
      "asa": 0.7794232558139533,
      "ari": 0.09635335905049264,
      "mean_part_iou": 0.2726814766868983,
      "boundary_recall": 0.39613916214246475
    },
    "mesh_sp_k15": {
      "count": 43,
      "n_points": 5000.0,
      "n_tokens": 25.651162790697676,
      "n_gt_parts": 8.023255813953488,
      "token_mixed_rate": 0.48919587617028176,
      "point_mixed_rate": 0.9326232558139533,
      "mean_token_purity": 0.8523487480172935,
      "mean_pure_token_size": 27.982140799874927,
      "mean_mixed_token_size": 782.1233270377592,
      "asa": 0.6442744186046512,
      "ari": 0.24386271539527177,
      "mean_part_iou": 0.33700934757837386,
      "boundary_recall": 0.33005817104255714
    },
    "mesh_sp_k8": {
      "count": 43,
      "n_points": 5000.0,
      "n_tokens": 25.627906976744185,
      "n_gt_parts": 8.023255813953488,
      "token_mixed_rate": 0.4383585728153856,
      "point_mixed_rate": 0.9322511627906978,
      "mean_token_purity": 0.868874693809972,
      "mean_pure_token_size": 27.750900386110864,
      "mean_mixed_token_size": 966.7387900213482,
      "asa": 0.642367441860465,
      "ari": 0.24090465794863627,
      "mean_part_iou": 0.339614102129596,
      "boundary_recall": 0.26417384804861654
    }
  }
}