{
  "gt": "parts.pt",
  "gt_note": "glTF node parts on mesh, nearest face, scan points after category rotation",
  "path_a": "PC: precomputed parts_superpoint_*.pt / partfield on scan",
  "path_b": "Mesh: face superpoint on mesh, nearest triangle center to aligned scan",
  "eval_points": "scan points.pt (same N as parts.pt)",
  "n_sample": 100,
  "n_ok": 100,
  "only_coarse": true,
  "seed": 42,
  "methods": {
    "pc_k8": {
      "path": "PC direct on scan",
      "count": 100,
      "n_points": 5000.0,
      "n_tokens": 105.9,
      "n_gt_parts": 8.24,
      "token_mixed_rate": 0.22580730364146728,
      "point_mixed_rate": 0.7226340000000002,
      "mean_token_purity": 0.9302812372670579,
      "mean_pure_token_size": 17.431712945813164,
      "mean_mixed_token_size": 463.449939498911,
      "asa": 0.7447900000000002,
      "ari": 0.22571153739848543,
      "mean_part_iou": 0.3146579891383794,
      "boundary_recall": 0.21013422293465614
    },
    "pc_k15": {
      "path": "PC direct on scan",
      "count": 100,
      "n_points": 5000.0,
      "n_tokens": 37.17,
      "n_gt_parts": 8.24,
      "token_mixed_rate": 0.30064879434516795,
      "point_mixed_rate": 0.8970819999999997,
      "mean_token_purity": 0.8944245558547533,
      "mean_pure_token_size": 20.304070615908948,
      "mean_mixed_token_size": 1476.5693864605855,
      "asa": 0.5976020000000001,
      "ari": 0.20214203871066322,
      "mean_part_iou": 0.30019642781510947,
      "boundary_recall": 0.1265827224098478
    },
    "pc_cap200": {
      "path": "PC direct on scan",
      "count": 100,
      "n_points": 5000.0,
      "n_tokens": 80.52,
      "n_gt_parts": 8.24,
      "token_mixed_rate": 0.31495060555864085,
      "point_mixed_rate": 0.6037,
      "mean_token_purity": 0.8983470786319253,
      "mean_pure_token_size": 40.06114956890277,
      "mean_mixed_token_size": 147.6174406248548,
      "asa": 0.7931159999999999,
      "ari": 0.08409174618993216,
      "mean_part_iou": 0.22334809437457723,
      "boundary_recall": 0.22204289709116934
    },
    "pc_partfield_k20": {
      "path": "PC direct on scan",
      "count": 100,
      "n_points": 5000.0,
      "n_tokens": 20.0,
      "n_gt_parts": 8.24,
      "token_mixed_rate": 0.17799999999999994,
      "point_mixed_rate": 0.9061959999999998,
      "mean_token_purity": 0.9429100789131546,
      "mean_pure_token_size": 27.447282421182184,
      "mean_mixed_token_size": 1727.162646825397,
      "asa": 0.6278299999999999,
      "ari": 0.22618517031047905,
      "mean_part_iou": 0.3071694242917097,
      "boundary_recall": 0.12302295073828498
    },
    "mesh_gltf_to_pc": {
      "path": "Mesh seg -> scan",
      "count": 100,
      "n_points": 5000.0,
      "n_tokens": 8.47,
      "n_gt_parts": 8.24,
      "token_mixed_rate": 0.832522609274783,
      "point_mixed_rate": 0.8694959999999999,
      "mean_token_purity": 0.8269431593468175,
      "mean_pure_token_size": 422.02950000000004,
      "mean_mixed_token_size": 869.7653943486891,
      "asa": 0.8400059999999999,
      "ari": 0.668481445720788,
      "mean_part_iou": 0.6865985806747126,
      "boundary_recall": 0.5010476406007589
    },
    "mesh_sp_k8": {
      "path": "Mesh seg -> scan",
      "count": 100,
      "n_points": 5000.0,
      "n_tokens": 30.89,
      "n_gt_parts": 8.24,
      "token_mixed_rate": 0.4421450113437645,
      "point_mixed_rate": 0.894056,
      "mean_token_purity": 0.8505333799809283,
      "mean_pure_token_size": 27.505913261584205,
      "mean_mixed_token_size": 1134.965791190665,
      "asa": 0.61668,
      "ari": 0.20294232933741405,
      "mean_part_iou": 0.32057537606224196,
      "boundary_recall": 0.2453312025578196
    },
    "mesh_sp_k15": {
      "path": "Mesh seg -> scan",
      "count": 100,
      "n_points": 5000.0,
      "n_tokens": 29.9,
      "n_gt_parts": 8.24,
      "token_mixed_rate": 0.4598643836711071,
      "point_mixed_rate": 0.8774599999999999,
      "mean_token_purity": 0.8500797240072075,
      "mean_pure_token_size": 40.44357502957465,
      "mean_mixed_token_size": 891.787511110022,
      "asa": 0.6436879999999999,
      "ari": 0.2180974181020196,
      "mean_part_iou": 0.32112774129995203,
      "boundary_recall": 0.3379193143276998
    },
    "mesh_sp_cap200": {
      "path": "Mesh seg -> scan",
      "count": 100,
      "n_points": 5000.0,
      "n_tokens": 68.36,
      "n_gt_parts": 8.24,
      "token_mixed_rate": 0.38139354907298284,
      "point_mixed_rate": 0.6495979999999999,
      "mean_token_purity": 0.8813792038565468,
      "mean_pure_token_size": 45.52705429368484,
      "mean_mixed_token_size": 171.20751997292024,
      "asa": 0.7914640000000002,
      "ari": 0.09769276970816337,
      "mean_part_iou": 0.25223687959104607,
      "boundary_recall": 0.38629534738695637
    },
    "mesh_face_sp45": {
      "path": "Mesh seg -> scan",
      "count": 100,
      "n_points": 5000.0,
      "n_tokens": 394.58,
      "n_gt_parts": 8.24,
      "token_mixed_rate": 0.15386432428226576,
      "point_mixed_rate": 0.39630199999999993,
      "mean_token_purity": 0.9565363740611852,
      "mean_pure_token_size": 25.95537423270441,
      "mean_mixed_token_size": 90.65964643063114,
      "asa": 0.9044260000000002,
      "ari": 0.1392468356135894,
      "mean_part_iou": 0.2954351588715709,
      "boundary_recall": 0.7986495290985652
    }
  }
}