{
  "gt": "parts.pt",
  "n_sample": 200,
  "seed": 42,
  "methods": {
    "k8": {
      "count": 200,
      "n_points": 5000.0,
      "n_tokens": 98.26,
      "n_gt_parts": 8.24,
      "token_mixed_rate": 0.21225685115027276,
      "point_mixed_rate": 0.7468330000000001,
      "mean_token_purity": 0.9372618176606435,
      "mean_pure_token_size": 18.304538578073448,
      "mean_mixed_token_size": 488.08466488726816,
      "asa": 0.764915,
      "ari": 0.22629686023374646,
      "mean_part_iou": 0.3077320365140484,
      "boundary_recall": 0.207233101344317
    },
    "k15": {
      "count": 200,
      "n_points": 5000.0,
      "n_tokens": 34.73,
      "n_gt_parts": 8.24,
      "token_mixed_rate": 0.28369411990753335,
      "point_mixed_rate": 0.910221,
      "mean_token_purity": 0.9171123826521304,
      "mean_pure_token_size": 18.45740436319516,
      "mean_mixed_token_size": 1592.2746227462508,
      "asa": 0.635171,
      "ari": 0.187502947266569,
      "mean_part_iou": 0.28672542010990604,
      "boundary_recall": 0.1180578403752727
    },
    "cap200": {
      "count": 200,
      "n_points": 5000.0,
      "n_tokens": 76.89,
      "n_gt_parts": 8.24,
      "token_mixed_rate": 0.29412639338854624,
      "point_mixed_rate": 0.58449,
      "mean_token_purity": 0.9078990227425254,
      "mean_pure_token_size": 43.84636698683366,
      "mean_mixed_token_size": 153.38536424002086,
      "asa": 0.809932,
      "ari": 0.07735716584053325,
      "mean_part_iou": 0.22494646583652847,
      "boundary_recall": 0.2154861155174156
    },
    "partfield_k20": {
      "count": 200,
      "n_points": 5000.0,
      "n_tokens": 20.0,
      "n_gt_parts": 8.24,
      "token_mixed_rate": 0.20125,
      "point_mixed_rate": 0.9036879999999999,
      "mean_token_purity": 0.9371292043642492,
      "mean_pure_token_size": 28.687378123360126,
      "mean_mixed_token_size": 1510.463994047619,
      "asa": 0.6573150000000001,
      "ari": 0.208480026775498,
      "mean_part_iou": 0.3031294590060655,
      "boundary_recall": 0.16386630464248975
    }
  },
  "note": "k8/k15/cap200: points+normals; partfield_k20: PartField+cluster on points"
}